{
  "pipeline_summary": {
    "pipeline_status": "SUCCESS",
    "timestamp": "2025-06-12T16:01:18.796587",
    "total_samples": 477,
    "anomalies_detected": {
      "static_method": 24,
      "adaptive_method": 20
    },
    "detection_rates": {
      "static_percentage": 5.031446540880503,
      "adaptive_percentage": 4.1928721174004195
    },
    "error_stats": {
      "mean": 0.7058926792641506,
      "std": 1.4163527692826228,
      "percentiles": {
        "50": 0.011977991108045677,
        "90": 2.7508439627862775,
        "95": 3.8203808676925615,
        "99": 6.175753122616103
      }
    },
    "recommendation": "MONITOR",
    "severity_summary": {
      "total_classified": 24,
      "severity_distribution": {
        "Low": 0.0,
        "Medium": 0.0,
        "High": 79.16666666666666,
        "Critical": 20.833333333333336
      },
      "high_severity_count": 24,
      "critical_alerts": 5
    },
    "explanation_summary": {
      "total_explained": 24,
      "explanation_coverage": 100.0,
      "method": "attention_based"
    }
  },
  "classification_summary": {
    "counts": {
      "normal": 10581,
      "system_critical": 231,
      "authentication_error": 3961,
      "filesystem_error": 15,
      "network_error": 169,
      "memory_error": 10493,
      "permission_error": 6
    },
    "percentages": {
      "normal": 41.56583909490886,
      "system_critical": 0.9074481458202388,
      "authentication_error": 15.560182275298553,
      "filesystem_error": 0.05892520427404148,
      "network_error": 0.6638906348208674,
      "memory_error": 41.22014456316782,
      "permission_error": 0.023570081709616594
    },
    "total_logs": 25456,
    "critical_logs": 4192
  },
  "anomaly_summary": {
    "total_anomalies": 24,
    "severity_distribution": {
      "counts": {
        "Low": 0,
        "Medium": 0,
        "High": 19,
        "Critical": 5
      },
      "percentages": {
        "Low": 0.0,
        "Medium": 0.0,
        "High": 79.16666666666666,
        "Critical": 20.833333333333336
      },
      "total_anomalies": 24
    },
    "explained_anomalies": 24
  }
}